= Deutsche 3. Liga 2025/26

# Date       Fri Aug/1 2025 - Sat May/16 2026 (288d)
# Teams      20
# Matches    380



» Matchday 1
  Fri Aug/1 2025
    19.00  Rot-Weiss Essen         v TSV 1860 München
  Sat Aug/2
    14.00  Waldhof Mannheim        v SC Verl
           FC Ingolstadt 04        v Jahn Regensburg
           VfL Osnabrück           v Alemannia Aachen
           Energie Cottbus         v 1. FC Saarbrücken
           1899 Hoffenheim II      v TSV Havelse
    16.30  MSV Duisburg            v VfB Stuttgart II
  Sun Aug/3
    13.30  Erzgebirge Aue          v Hansa Rostock
    16.30  Viktoria Köln           v 1. FC Schweinfurt 05
    19.30  SV Wehen Wiesbaden      v SSV Ulm 1846


» Matchday 2
  Fri Aug/8
    19.00  1. FC Schweinfurt 05    v Energie Cottbus
  Sat Aug/9
    14.00  1. FC Saarbrücken       v Viktoria Köln
           SSV Ulm 1846            v Erzgebirge Aue
           TSV Havelse             v Rot-Weiss Essen
           Alemannia Aachen        v 1899 Hoffenheim II
           TSV 1860 München        v VfL Osnabrück
    16.30  SC Verl                 v SV Wehen Wiesbaden
  Sun Aug/10
    13.30  Jahn Regensburg         v MSV Duisburg
    16.30  Hansa Rostock           v Waldhof Mannheim
    19.30  VfB Stuttgart II        v FC Ingolstadt 04


» Matchday 3
  Fri Aug/22
    19.00  SV Wehen Wiesbaden      v Rot-Weiss Essen
  Sat Aug/23
    14.00  VfB Stuttgart II        v SC Verl
           VfL Osnabrück           v 1. FC Saarbrücken
           Jahn Regensburg         v 1. FC Schweinfurt 05
           Alemannia Aachen        v TSV 1860 München
           1899 Hoffenheim II      v Energie Cottbus
    16.30  MSV Duisburg            v SSV Ulm 1846
  Sun Aug/24
    13.30  FC Ingolstadt 04        v Hansa Rostock
    16.30  Erzgebirge Aue          v TSV Havelse
    19.30  Waldhof Mannheim        v Viktoria Köln


» Matchday 4
  Fri Aug/29
    19.00  Viktoria Köln           v Jahn Regensburg
  Sat Aug/30
    14.00  1. FC Saarbrücken       v Erzgebirge Aue
           Energie Cottbus         v FC Ingolstadt 04
           TSV Havelse             v VfL Osnabrück
           TSV 1860 München        v VfB Stuttgart II
           SC Verl                 v MSV Duisburg
    16.30  Hansa Rostock           v 1899 Hoffenheim II
  Sun Aug/31
    13.30  SSV Ulm 1846            v Waldhof Mannheim
    16.30  1. FC Schweinfurt 05    v SV Wehen Wiesbaden
    19.30  Rot-Weiss Essen         v Alemannia Aachen


» Matchday 5
  Fri Sep/12
    19.00  Jahn Regensburg         v Rot-Weiss Essen
  Sat Sep/13
    14.00  FC Ingolstadt 04        v 1. FC Schweinfurt 05
           VfB Stuttgart II        v 1. FC Saarbrücken
           Erzgebirge Aue          v Viktoria Köln
           MSV Duisburg            v SV Wehen Wiesbaden
           1899 Hoffenheim II      v SC Verl
    16.30  Alemannia Aachen        v SSV Ulm 1846
  Sun Sep/14
    13.30  VfL Osnabrück           v Hansa Rostock
    16.30  Waldhof Mannheim        v Energie Cottbus
    19.30  TSV 1860 München        v TSV Havelse


» Matchday 6
  Tue Sep/16
    19.00  1. FC Saarbrücken       v SSV Ulm 1846
           Viktoria Köln           v 1899 Hoffenheim II
           SV Wehen Wiesbaden      v Jahn Regensburg
           SC Verl                 v Alemannia Aachen
           1. FC Schweinfurt 05    v MSV Duisburg
  Wed Sep/17
    19.00  Waldhof Mannheim        v VfB Stuttgart II
           Energie Cottbus         v Erzgebirge Aue
           Hansa Rostock           v TSV 1860 München
           TSV Havelse             v FC Ingolstadt 04
           Rot-Weiss Essen         v VfL Osnabrück


» Matchday 7
  Fri Sep/19
    19.00  1. FC Saarbrücken       v 1. FC Schweinfurt 05
  Sat Sep/20
    14.00  FC Ingolstadt 04        v SV Wehen Wiesbaden
           VfB Stuttgart II        v Viktoria Köln
           VfL Osnabrück           v Erzgebirge Aue
           Alemannia Aachen        v Waldhof Mannheim
           Rot-Weiss Essen         v Hansa Rostock
    16.30  TSV 1860 München        v 1899 Hoffenheim II
  Sun Sep/21
    13.30  TSV Havelse             v MSV Duisburg
    16.30  SC Verl                 v Energie Cottbus
    19.30  SSV Ulm 1846            v Jahn Regensburg


» Matchday 8
  Fri Sep/26
    19.00  Energie Cottbus         v VfB Stuttgart II
  Sat Sep/27
    14.00  Erzgebirge Aue          v TSV 1860 München
           Hansa Rostock           v TSV Havelse
           SV Wehen Wiesbaden      v 1. FC Saarbrücken
           MSV Duisburg            v FC Ingolstadt 04
           1. FC Schweinfurt 05    v Alemannia Aachen
    16.30  Waldhof Mannheim        v Rot-Weiss Essen
  Sun Sep/28
    13.30  Jahn Regensburg         v SC Verl
    16.30  1899 Hoffenheim II      v SSV Ulm 1846
    19.30  Viktoria Köln           v VfL Osnabrück


» Matchday 9
  Tue Sep/30
    19.00  1. FC Saarbrücken       v MSV Duisburg
           VfB Stuttgart II        v SV Wehen Wiesbaden
           Hansa Rostock           v Energie Cottbus
           TSV Havelse             v Waldhof Mannheim
           Alemannia Aachen        v Erzgebirge Aue
  Wed Oct/1
    19.00  SSV Ulm 1846            v 1. FC Schweinfurt 05
           VfL Osnabrück           v Jahn Regensburg
           Rot-Weiss Essen         v 1899 Hoffenheim II
           TSV 1860 München        v Viktoria Köln
           SC Verl                 v FC Ingolstadt 04


» Matchday 10
  Fri Oct/3
           Waldhof Mannheim        v VfL Osnabrück
           FC Ingolstadt 04        v SSV Ulm 1846
           Viktoria Köln           v TSV Havelse
           Erzgebirge Aue          v Rot-Weiss Essen
           Energie Cottbus         v Alemannia Aachen
           SV Wehen Wiesbaden      v TSV 1860 München
           Jahn Regensburg         v 1. FC Saarbrücken
           MSV Duisburg            v Hansa Rostock
           1899 Hoffenheim II      v VfB Stuttgart II
           1. FC Schweinfurt 05    v SC Verl


» Matchday 11
  Fri Oct/17
           1. FC Saarbrücken       v SC Verl
           VfB Stuttgart II        v 1. FC Schweinfurt 05
           SSV Ulm 1846            v Energie Cottbus
           Erzgebirge Aue          v Waldhof Mannheim
           VfL Osnabrück           v 1899 Hoffenheim II
           Hansa Rostock           v SV Wehen Wiesbaden
           TSV Havelse             v Jahn Regensburg
           Alemannia Aachen        v FC Ingolstadt 04
           Rot-Weiss Essen         v Viktoria Köln
           TSV 1860 München        v MSV Duisburg


» Matchday 12
  Fri Oct/24
           Waldhof Mannheim        v TSV 1860 München
           FC Ingolstadt 04        v 1. FC Saarbrücken
           Viktoria Köln           v Hansa Rostock
           Energie Cottbus         v TSV Havelse
           SV Wehen Wiesbaden      v Alemannia Aachen
           Jahn Regensburg         v VfB Stuttgart II
           MSV Duisburg            v Rot-Weiss Essen
           1899 Hoffenheim II      v Erzgebirge Aue
           SC Verl                 v SSV Ulm 1846
           1. FC Schweinfurt 05    v VfL Osnabrück


» Matchday 13
  Fri Oct/31
           Viktoria Köln           v FC Ingolstadt 04
           SSV Ulm 1846            v VfB Stuttgart II
           Erzgebirge Aue          v Jahn Regensburg
           VfL Osnabrück           v MSV Duisburg
           Hansa Rostock           v SC Verl
           TSV Havelse             v SV Wehen Wiesbaden
           Alemannia Aachen        v 1. FC Saarbrücken
           Rot-Weiss Essen         v 1. FC Schweinfurt 05
           TSV 1860 München        v Energie Cottbus
           1899 Hoffenheim II      v Waldhof Mannheim


» Matchday 14
  Fri Nov/7
           1. FC Saarbrücken       v TSV Havelse
           FC Ingolstadt 04        v Rot-Weiss Essen
           VfB Stuttgart II        v Alemannia Aachen
           SSV Ulm 1846            v Hansa Rostock
           Energie Cottbus         v VfL Osnabrück
           SV Wehen Wiesbaden      v Viktoria Köln
           Jahn Regensburg         v TSV 1860 München
           MSV Duisburg            v Waldhof Mannheim
           SC Verl                 v Erzgebirge Aue
           1. FC Schweinfurt 05    v 1899 Hoffenheim II


» Matchday 15
  Fri Nov/21
           Waldhof Mannheim        v SV Wehen Wiesbaden
           Viktoria Köln           v SC Verl
           Erzgebirge Aue          v VfB Stuttgart II
           VfL Osnabrück           v FC Ingolstadt 04
           Hansa Rostock           v 1. FC Schweinfurt 05
           TSV Havelse             v SSV Ulm 1846
           Alemannia Aachen        v Jahn Regensburg
           Rot-Weiss Essen         v Energie Cottbus
           TSV 1860 München        v 1. FC Saarbrücken
           1899 Hoffenheim II      v MSV Duisburg


» Matchday 16
  Fri Nov/28
           1. FC Saarbrücken       v Rot-Weiss Essen
           FC Ingolstadt 04        v 1899 Hoffenheim II
           VfB Stuttgart II        v TSV Havelse
           SSV Ulm 1846            v TSV 1860 München
           Energie Cottbus         v Viktoria Köln
           SV Wehen Wiesbaden      v Erzgebirge Aue
           Jahn Regensburg         v Hansa Rostock
           MSV Duisburg            v Alemannia Aachen
           SC Verl                 v VfL Osnabrück
           1. FC Schweinfurt 05    v Waldhof Mannheim


» Matchday 17
  Fri Dec/5
           Waldhof Mannheim        v 1. FC Saarbrücken
           Viktoria Köln           v SSV Ulm 1846
           Erzgebirge Aue          v FC Ingolstadt 04
           VfL Osnabrück           v SV Wehen Wiesbaden
           Energie Cottbus         v MSV Duisburg
           Hansa Rostock           v Alemannia Aachen
           TSV Havelse             v SC Verl
           Rot-Weiss Essen         v VfB Stuttgart II
           TSV 1860 München        v 1. FC Schweinfurt 05
           1899 Hoffenheim II      v Jahn Regensburg


» Matchday 18
  Fri Dec/12
           1. FC Saarbrücken       v 1899 Hoffenheim II
           FC Ingolstadt 04        v TSV 1860 München
           VfB Stuttgart II        v Hansa Rostock
           SSV Ulm 1846            v VfL Osnabrück
           SV Wehen Wiesbaden      v Energie Cottbus
           Jahn Regensburg         v Waldhof Mannheim
           MSV Duisburg            v Erzgebirge Aue
           Alemannia Aachen        v Viktoria Köln
           SC Verl                 v Rot-Weiss Essen
           1. FC Schweinfurt 05    v TSV Havelse


» Matchday 19
  Fri Dec/19
           Waldhof Mannheim        v FC Ingolstadt 04
           Viktoria Köln           v MSV Duisburg
           Erzgebirge Aue          v 1. FC Schweinfurt 05
           VfL Osnabrück           v VfB Stuttgart II
           Energie Cottbus         v Jahn Regensburg
           Hansa Rostock           v 1. FC Saarbrücken
           TSV Havelse             v Alemannia Aachen
           Rot-Weiss Essen         v SSV Ulm 1846
           TSV 1860 München        v SC Verl
           1899 Hoffenheim II      v SV Wehen Wiesbaden


» Matchday 20
  Fri Jan/16 2026
           SC Verl                 v Waldhof Mannheim
           Jahn Regensburg         v FC Ingolstadt 04
           1. FC Schweinfurt 05    v Viktoria Köln
           Hansa Rostock           v Erzgebirge Aue
           Alemannia Aachen        v VfL Osnabrück
           1. FC Saarbrücken       v Energie Cottbus
           SSV Ulm 1846            v SV Wehen Wiesbaden
           VfB Stuttgart II        v MSV Duisburg
           TSV Havelse             v 1899 Hoffenheim II
           TSV 1860 München        v Rot-Weiss Essen


» Matchday 21
  Fri Jan/23
           Viktoria Köln           v 1. FC Saarbrücken
           FC Ingolstadt 04        v VfB Stuttgart II
           Erzgebirge Aue          v SSV Ulm 1846
           Waldhof Mannheim        v Hansa Rostock
           MSV Duisburg            v Jahn Regensburg
           Rot-Weiss Essen         v TSV Havelse
           1899 Hoffenheim II      v Alemannia Aachen
           VfL Osnabrück           v TSV 1860 München
           SV Wehen Wiesbaden      v SC Verl
           Energie Cottbus         v 1. FC Schweinfurt 05


» Matchday 22
  Fri Jan/30
           Viktoria Köln           v Waldhof Mannheim
           Hansa Rostock           v FC Ingolstadt 04
           SC Verl                 v VfB Stuttgart II
           TSV Havelse             v Erzgebirge Aue
           1. FC Saarbrücken       v VfL Osnabrück
           Rot-Weiss Essen         v SV Wehen Wiesbaden
           1. FC Schweinfurt 05    v Jahn Regensburg
           SSV Ulm 1846            v MSV Duisburg
           TSV 1860 München        v Alemannia Aachen
           Energie Cottbus         v 1899 Hoffenheim II


» Matchday 23
  Fri Feb/6
           Erzgebirge Aue          v 1. FC Saarbrücken
           Jahn Regensburg         v Viktoria Köln
           Waldhof Mannheim        v SSV Ulm 1846
           FC Ingolstadt 04        v Energie Cottbus
           1899 Hoffenheim II      v Hansa Rostock
           VfL Osnabrück           v TSV Havelse
           Alemannia Aachen        v Rot-Weiss Essen
           VfB Stuttgart II        v TSV 1860 München
           MSV Duisburg            v SC Verl
           SV Wehen Wiesbaden      v 1. FC Schweinfurt 05


» Matchday 24
  Fri Feb/13
           Energie Cottbus         v Waldhof Mannheim
           1. FC Schweinfurt 05    v FC Ingolstadt 04
           1. FC Saarbrücken       v VfB Stuttgart II
           Viktoria Köln           v Erzgebirge Aue
           Hansa Rostock           v VfL Osnabrück
           Rot-Weiss Essen         v Jahn Regensburg
           SV Wehen Wiesbaden      v MSV Duisburg
           SSV Ulm 1846            v Alemannia Aachen
           TSV Havelse             v TSV 1860 München
           SC Verl                 v 1899 Hoffenheim II


» Matchday 25
  Fri Feb/20
           SSV Ulm 1846            v 1. FC Saarbrücken
           VfB Stuttgart II        v Waldhof Mannheim
           1899 Hoffenheim II      v Viktoria Köln
           Erzgebirge Aue          v Energie Cottbus
           TSV 1860 München        v Hansa Rostock
           Jahn Regensburg         v SV Wehen Wiesbaden
           FC Ingolstadt 04        v TSV Havelse
           VfL Osnabrück           v Rot-Weiss Essen
           Alemannia Aachen        v SC Verl
           MSV Duisburg            v 1. FC Schweinfurt 05


» Matchday 26
  Fri Feb/27
           1. FC Schweinfurt 05    v 1. FC Saarbrücken
           SV Wehen Wiesbaden      v FC Ingolstadt 04
           Viktoria Köln           v VfB Stuttgart II
           Jahn Regensburg         v SSV Ulm 1846
           Erzgebirge Aue          v VfL Osnabrück
           MSV Duisburg            v TSV Havelse
           Waldhof Mannheim        v Alemannia Aachen
           Hansa Rostock           v Rot-Weiss Essen
           1899 Hoffenheim II      v TSV 1860 München
           Energie Cottbus         v SC Verl


» Matchday 27
  Tue Mar/3
           Rot-Weiss Essen         v Waldhof Mannheim
           VfL Osnabrück           v Viktoria Köln
           TSV 1860 München        v Erzgebirge Aue
           VfB Stuttgart II        v Energie Cottbus
           TSV Havelse             v Hansa Rostock
           1. FC Saarbrücken       v SV Wehen Wiesbaden
           SC Verl                 v Jahn Regensburg
           FC Ingolstadt 04        v MSV Duisburg
           SSV Ulm 1846            v 1899 Hoffenheim II
           Alemannia Aachen        v 1. FC Schweinfurt 05


» Matchday 28
  Fri Mar/6
           MSV Duisburg            v 1. FC Saarbrücken
           SV Wehen Wiesbaden      v VfB Stuttgart II
           1. FC Schweinfurt 05    v SSV Ulm 1846
           Jahn Regensburg         v VfL Osnabrück
           Energie Cottbus         v Hansa Rostock
           Waldhof Mannheim        v TSV Havelse
           Erzgebirge Aue          v Alemannia Aachen
           1899 Hoffenheim II      v Rot-Weiss Essen
           Viktoria Köln           v TSV 1860 München
           FC Ingolstadt 04        v SC Verl


» Matchday 29
  Fri Mar/13
           VfL Osnabrück           v Waldhof Mannheim
           SSV Ulm 1846            v FC Ingolstadt 04
           TSV Havelse             v Viktoria Köln
           Rot-Weiss Essen         v Erzgebirge Aue
           Alemannia Aachen        v Energie Cottbus
           TSV 1860 München        v SV Wehen Wiesbaden
           1. FC Saarbrücken       v Jahn Regensburg
           Hansa Rostock           v MSV Duisburg
           VfB Stuttgart II        v 1899 Hoffenheim II
           SC Verl                 v 1. FC Schweinfurt 05


» Matchday 30
  Fri Mar/20
           SC Verl                 v 1. FC Saarbrücken
           1. FC Schweinfurt 05    v VfB Stuttgart II
           Energie Cottbus         v SSV Ulm 1846
           Waldhof Mannheim        v Erzgebirge Aue
           1899 Hoffenheim II      v VfL Osnabrück
           SV Wehen Wiesbaden      v Hansa Rostock
           Jahn Regensburg         v TSV Havelse
           FC Ingolstadt 04        v Alemannia Aachen
           Viktoria Köln           v Rot-Weiss Essen
           MSV Duisburg            v TSV 1860 München


» Matchday 31
  Sat Apr/4
           TSV 1860 München        v Waldhof Mannheim
           1. FC Saarbrücken       v FC Ingolstadt 04
           Hansa Rostock           v Viktoria Köln
           TSV Havelse             v Energie Cottbus
           Alemannia Aachen        v SV Wehen Wiesbaden
           VfB Stuttgart II        v Jahn Regensburg
           Rot-Weiss Essen         v MSV Duisburg
           Erzgebirge Aue          v 1899 Hoffenheim II
           SSV Ulm 1846            v SC Verl
           VfL Osnabrück           v 1. FC Schweinfurt 05


» Matchday 32
  Tue Apr/7
           FC Ingolstadt 04        v Viktoria Köln
           VfB Stuttgart II        v SSV Ulm 1846
           Jahn Regensburg         v Erzgebirge Aue
           MSV Duisburg            v VfL Osnabrück
           SC Verl                 v Hansa Rostock
           SV Wehen Wiesbaden      v TSV Havelse
           1. FC Saarbrücken       v Alemannia Aachen
           1. FC Schweinfurt 05    v Rot-Weiss Essen
           Energie Cottbus         v TSV 1860 München
           Waldhof Mannheim        v 1899 Hoffenheim II


» Matchday 33
  Fri Apr/10
           TSV Havelse             v 1. FC Saarbrücken
           Rot-Weiss Essen         v FC Ingolstadt 04
           Alemannia Aachen        v VfB Stuttgart II
           Hansa Rostock           v SSV Ulm 1846
           VfL Osnabrück           v Energie Cottbus
           Viktoria Köln           v SV Wehen Wiesbaden
           TSV 1860 München        v Jahn Regensburg
           Waldhof Mannheim        v MSV Duisburg
           Erzgebirge Aue          v SC Verl
           1899 Hoffenheim II      v 1. FC Schweinfurt 05


» Matchday 34
  Fri Apr/17
           SV Wehen Wiesbaden      v Waldhof Mannheim
           SC Verl                 v Viktoria Köln
           VfB Stuttgart II        v Erzgebirge Aue
           FC Ingolstadt 04        v VfL Osnabrück
           1. FC Schweinfurt 05    v Hansa Rostock
           SSV Ulm 1846            v TSV Havelse
           Jahn Regensburg         v Alemannia Aachen
           Energie Cottbus         v Rot-Weiss Essen
           1. FC Saarbrücken       v TSV 1860 München
           MSV Duisburg            v 1899 Hoffenheim II


» Matchday 35
  Fri Apr/24
           Rot-Weiss Essen         v 1. FC Saarbrücken
           1899 Hoffenheim II      v FC Ingolstadt 04
           TSV Havelse             v VfB Stuttgart II
           TSV 1860 München        v SSV Ulm 1846
           Viktoria Köln           v Energie Cottbus
           Erzgebirge Aue          v SV Wehen Wiesbaden
           Hansa Rostock           v Jahn Regensburg
           Alemannia Aachen        v MSV Duisburg
           VfL Osnabrück           v SC Verl
           Waldhof Mannheim        v 1. FC Schweinfurt 05


» Matchday 36
  Sat May/2
           1. FC Saarbrücken       v Waldhof Mannheim
           SSV Ulm 1846            v Viktoria Köln
           FC Ingolstadt 04        v Erzgebirge Aue
           SV Wehen Wiesbaden      v VfL Osnabrück
           MSV Duisburg            v Energie Cottbus
           Alemannia Aachen        v Hansa Rostock
           SC Verl                 v TSV Havelse
           VfB Stuttgart II        v Rot-Weiss Essen
           1. FC Schweinfurt 05    v TSV 1860 München
           Jahn Regensburg         v 1899 Hoffenheim II


» Matchday 37
  Fri May/8
           1899 Hoffenheim II      v 1. FC Saarbrücken
           TSV 1860 München        v FC Ingolstadt 04
           Hansa Rostock           v VfB Stuttgart II
           VfL Osnabrück           v SSV Ulm 1846
           Energie Cottbus         v SV Wehen Wiesbaden
           Waldhof Mannheim        v Jahn Regensburg
           Erzgebirge Aue          v MSV Duisburg
           Viktoria Köln           v Alemannia Aachen
           Rot-Weiss Essen         v SC Verl
           TSV Havelse             v 1. FC Schweinfurt 05


» Matchday 38
  Sat May/16
    13.30  FC Ingolstadt 04        v Waldhof Mannheim
           MSV Duisburg            v Viktoria Köln
           1. FC Schweinfurt 05    v Erzgebirge Aue
           VfB Stuttgart II        v VfL Osnabrück
           Jahn Regensburg         v Energie Cottbus
           1. FC Saarbrücken       v Hansa Rostock
           Alemannia Aachen        v TSV Havelse
           SSV Ulm 1846            v Rot-Weiss Essen
           SC Verl                 v TSV 1860 München
           SV Wehen Wiesbaden      v 1899 Hoffenheim II
