= DFB Pokal 2025/26

# Date       Fri Aug/15 2025 - Sat May/23 2026 (281d)
# Teams      64
# Matches    37



» Round 1
  Fri Aug/15 2025
    18.00  SG Sonnenhof Großaspach v Bayer Leverkusen
           1. FC Saarbrücken       v 1. FC Magdeburg
           FC Gütersloh            v 1. FC Union Berlin
    20.45  Arminia Bielefeld       v Werder Bremen
  Sat Aug/16
    13.00  BFC Dynamo              v VfL Bochum
           FK Pirmasens            v Hamburger SV
    15.30  Bahlinger SC            v 1. FC Heidenheim 1846
           Hansa Rostock           v 1899 Hoffenheim
           SV Sandhausen           v RB Leipzig
           Eintracht Norderstedt   v FC St. Pauli
           FV Illertissen          v 1. FC Nürnberg
           SV Hemelingen           v VfL Wolfsburg
    18.00  Energie Cottbus         v Hannover 96
           Sportfreunde Lotte      v SC Freiburg
           VfB Lübeck              v SV Darmstadt 98
  Sun Aug/17
    13.00  FV Engers 07            v Eintracht Frankfurt
           Viktoria Köln           v SC Paderborn 07
    15.30  1. FC Lok Leipzig       v FC Schalke 04
           Blau-Weiß Lohne         v SpVgg Greuther Fürth
           Jahn Regensburg         v 1. FC Köln
           ZFC Meuselwitz          v Karlsruher SC
           RSV Eintracht 1949      v 1. FC Kaiserslautern
           Atlas Delmenhorst       v Bor. Mönchengladbach
    18.00  FC 08 Homburg           v Holstein Kiel
           Hallescher FC           v FC Augsburg
           SSV Ulm 1846            v SV 07 Elversberg
  Mon Aug/18
    18.00  Dynamo Dresden          v 1. FSV Mainz 05
           1. FC Schweinfurt 05    v Fortuna Düsseldorf
           Preußen Münster         v Hertha BSC
    20.45  Rot-Weiss Essen         v Borussia Dortmund
  Tue Aug/26
    20.45  Eintracht Braunschweig  v VfB Stuttgart
  Wed Aug/27
    20.45  SV Wehen Wiesbaden      v Bayern München


» Round 2
  Tue Oct/28
           N.N.                    v N.N.


» Round of 16
  Tue Dec/2
           N.N.                    v N.N.


» Quarterfinals
  Tue Feb/3 2026
           N.N.                    v N.N.


» Semifinals
  Tue Apr/21
           N.N.                    v N.N.


» Final
  Sat May/23
           N.N.                    v N.N.
